Metric,Value
Sharpe Ratio,0.6943256890164916
Max Drawdown,-0.08399010548346242
Number Trades,39.0
