ADF Statistic,P Value,Variance
-5.1690982015663325,1.0163293559317067e-05,0.0009958311470049715
