Metric,Value
Sharpe,1.634990624250839
Max Drawdown,-0.07214529718573481
Trades,48.0
