Parameter,Value
Alpha,2.9770775988897826
Beta,0.7789264416055589
