Metric,Value
Sharpe,2.14204298061221
Max Drawdown,-0.03150547968879586
Profit Factor,1.7409227607536335
