Metric,Value
Sharpe,0.2066197112911555
Max Drawdown,-0.0721452971857347
Trades,4.0
Profit Factor,1.1770755221123501
