Parameter,Value
kappa,0.014042210635129844
mu,2.972785059694846
sigma,0.005055442136308049
half_life,49.361685176967576
