Metric,Value
Sharpe,0.30439459664994745
Max Drawdown,-0.08698827309505841
Trades,5.0
