Regime,Sharpe,Max_Drawdown,Profit_Factor,Observations
Bull,2.4910723566583237,-0.026497359000243997,1.8942707702580457,641
Bear,1.6971255212976835,-0.0135973362190422,1.726834759430733,141
Sideways,1.7985517930876822,-0.051070838697295604,1.565878900988421,476
