Metric,Value
Sharpe,2.1420429806122057
T Statistic,4.78595081385033
P Value,1.9034408644813539e-06
CI Lower,2.0417457312628637
CI Upper,2.2423402299615476
Skewness,1.0777309702842792
Kurtosis,7.83421452161318
PSR,1.0
