Scenario,Sharpe,Max_Drawdown,Profit_Factor
1bp,2.1253375926836258,-0.031585479688795604,1.732525113044762
2bp,2.1085861327491706,-0.031665479688795684,1.7241342811253937
5bp,2.0580603109560363,-0.03190547968879559,1.6992629046176018
10bp,1.9729767554534157,-0.03230547968879566,1.6587613092818407
