Metric,Value
Sharpe,1.747803028265615
Max Drawdown,-0.053907748834945535
Trades,12.0
Profit Factor,1.717479426953931
